id,report_id,sort_order,config,last_updated
8441aaa1-38ec-4fd4-b946-79ebd1c4be27,0a3ae3bf-5d8f-4afa-a5d8-da41c8539b83,2,"{""type"":""freeform"",""cover"":{""titleText"":"""",""subTitleText"":"""",""presenterText"":"""",""dateText"":"""",""logos"":[]},""section"":{""sectionText"":"""",""smallerSectionText"":""""},""freeform"":{""content"":[[{""type"":""image"",""stretch"":true,""fillArea"":false,""textSize"":1,""textBackground"":""none"",""placeholderInvisible"":false,""useFigureAdditionalScale"":false,""figureAdditionalScale"":1,""imgFile"":""report_image1.png"",""imgFit"":""cover"",""span"":5},{""type"":""text"",""stretch"":true,""fillArea"":true,""textSize"":1.95,""textBackground"":""success"",""placeholderInvisible"":false,""useFigureAdditionalScale"":false,""figureAdditionalScale"":1,""markdown"":"" 1. Évaluation de la qualité des données\n\n 2. Évaluation de la performance en matière d'utilisation des services\n\n3. Estimations de la couverture des services\n""}]],""useHeader"":true,""headerText"":""Plan de la présentation""}}",2025-10-09T17:43:24.262Z
e7f02aa7-49e8-446b-8d8d-7b93428a2943,0a3ae3bf-5d8f-4afa-a5d8-da41c8539b83,4,"{""type"":""freeform"",""cover"":{""titleText"":"""",""subTitleText"":"""",""presenterText"":"""",""dateText"":"""",""logos"":[]},""section"":{""sectionText"":"""",""smallerSectionText"":""""},""freeform"":{""content"":[[{""type"":""text"",""stretch"":true,""fillArea"":false,""textSize"":1,""textBackground"":""success"",""placeholderInvisible"":false,""useFigureAdditionalScale"":false,""figureAdditionalScale"":1,""markdown"":""Ce rapport a été développé par MINISTERE DE LA SANTE ET DE L'HYGIENE PUBLIQUE, BSD/DNSFN au T1 2025, sous l'initiative « Évaluations fréquentes et outils systémiques pour la résilience » FASTR en GUINEE""}],[{""type"":""placeholder"",""stretch"":true,""fillArea"":false,""textSize"":1,""textBackground"":""none"",""placeholderInvisible"":true,""useFigureAdditionalScale"":false,""figureAdditionalScale"":1}],[{""type"":""placeholder"",""stretch"":true,""fillArea"":false,""textSize"":1,""textBackground"":""none"",""placeholderInvisible"":true,""useFigureAdditionalScale"":false,""figureAdditionalScale"":1},{""type"":""image"",""stretch"":true,""fillArea"":false,""textSize"":1,""textBackground"":""none"",""placeholderInvisible"":false,""useFigureAdditionalScale"":false,""figureAdditionalScale"":1,""imgFile"":""guinea_logo.png"",""imgFit"":""inside"",""imgStretch"":true},{""type"":""image"",""stretch"":true,""fillArea"":false,""textSize"":1,""textBackground"":""none"",""placeholderInvisible"":false,""useFigureAdditionalScale"":false,""figureAdditionalScale"":1,""imgFile"":""FASTR_Primary_01_FullName.png"",""imgFit"":""inside"",""imgStretch"":true},{""type"":""placeholder"",""stretch"":true,""fillArea"":false,""textSize"":1,""textBackground"":""none"",""placeholderInvisible"":true,""useFigureAdditionalScale"":false,""figureAdditionalScale"":1}],[{""type"":""text"",""stretch"":true,""fillArea"":false,""textSize"":1,""textBackground"":""none"",""placeholderInvisible"":false,""useFigureAdditionalScale"":false,""figureAdditionalScale"":1,""markdown"":""\n# Citation\n\nMINISTERE DE LA SANTE ET DE L'HYGIENE PUBLIQUE, BSD/DNSFN. Analyse de la performance des services de la SRMNEA+N: T1 2025. CONAKRY, GUINEE. \n\n""}]],""useHeader"":true,""headerText"":""A propos de ce rapport""}}",2025-10-09T17:43:24.262Z
207fdf35-e7c6-4099-af8b-d39786c014ae,0a3ae3bf-5d8f-4afa-a5d8-da41c8539b83,37,"{""type"":""freeform"",""cover"":{""titleText"":"""",""subTitleText"":"""",""presenterText"":"""",""dateText"":"""",""logos"":[]},""section"":{""sectionText"":"""",""smallerSectionText"":""""},""freeform"":{""content"":[[{""type"":""figure"",""stretch"":true,""fillArea"":false,""textSize"":1,""textBackground"":""none"",""placeholderInvisible"":false,""useFigureAdditionalScale"":false,""figureAdditionalScale"":1,""presentationObjectInReportInfo"":{""id"":""508f17cc-fbfd-4585-a2e8-8242234898c3"",""moduleId"":""m003"",""selectedReplicantValue"":""""}}]],""useHeader"":true,""headerText"":""Methodologie: Comment l'ajustement de la qualité des données affecte les résultats""}}",2025-10-09T17:43:24.262Z
ec2597f7-dcb8-4d1e-b2c2-9b274cfa30c6,0a3ae3bf-5d8f-4afa-a5d8-da41c8539b83,35,"{""type"":""freeform"",""cover"":{""titleText"":"""",""subTitleText"":"""",""presenterText"":"""",""dateText"":"""",""logos"":[]},""section"":{""sectionText"":"""",""smallerSectionText"":""""},""freeform"":{""content"":[[{""type"":""text"",""stretch"":true,""fillArea"":false,""textSize"":0.64,""textBackground"":""none"",""placeholderInvisible"":false,""useFigureAdditionalScale"":false,""figureAdditionalScale"":1,""markdown"":""# Qu'est-ce que l'évaluation de la qualité des données ?\nLa méthodologie d'évaluation de la qualité des données (DQA) applique trois évaluations fondamentales : la détection des valeurs aberrantes extrêmes dans les volumes de services déclarés, l'analyse de l'exhaustivité spécifique à chaque indicateur et les contrôles de cohérence entre les indicateurs connexes. Pour chaque établissement et chaque mois, les données sont traitées afin d'identifier les anomalies, d'évaluer la continuité des déclarations et de valider la cohérence interne entre les indicateurs. Les valeurs aberrantes sont signalées à l'aide de méthodes de déviation absolue médiane (MAD) et de seuils proportionnels. L'exhaustivité est évaluée en fonction du fait que les établissements déclarent ou non des valeurs non nulles pour les indicateurs de base au cours des différents mois. La cohérence est vérifiée entre les indicateurs liés (par exemple, ANC1 vs ANC4, Penta1 vs Penta3), à l'aide de seuils de ratio prédéfinis. Les résultats sont intégrés dans un score DQA composite qui résume si les données d'un établissement répondent à tous les critères de qualité.\n# Qu'est-ce que l'ajustement de la qualité des données ?\nL'ajustement de la qualité des données est le processus qui consiste à corriger les problèmes connus dans les données de santé de routine afin d'améliorer la fiabilité des analyses. Dans l'approche FASTR, les ajustements sont appliqués aux données du SIS à l'aide de méthodes automatisées qui identifient et corrigent les valeurs aberrantes et imputent les données manquantes sur la base des tendances observées dans les rapports historiques. Cela permet aux pays d'utiliser de manière plus fiable les données dont ils disposent déjà, même lorsque les rapports sont imparfaits.\n# Pourquoi ajuster la qualité des données ?\nLes données de santé courantes, telles que celles saisies dans DHIS2, sont une ressource essentielle pour le suivi et l'amélioration des systèmes de soins de santé primaires. Cependant, les problèmes de qualité des données, tels que les valeurs aberrantes, les rapports incomplets et les incohérences entre les indicateurs connexes, peuvent fausser les analyses et induire en erreur les décideurs. L'approche FASTR comprend des méthodes statistiques intégrées pour identifier et corriger ces problèmes, ce qui permet d'obtenir des résultats plus fiables et exploitables. Si tous les problèmes de qualité des données ne peuvent pas être entièrement résolus, des ajustements ciblés améliorent la fiabilité des données et contribuent à garantir qu'elles peuvent toujours servir de base à la prise de décision. Plutôt que de considérer la mauvaise qualité des données comme un obstacle, FASTR la transforme en une opportunité de retour d'information et d'amélioration, permettant aux pays d'utiliser les données dont ils disposent pour prendre des décisions opportunes et fondées sur des preuves.\n# Comment l'ajustement a-t-il été effectué ?\nLe module d'ajustement de la qualité des données utilise les données du SIIS ainsi que les indicateurs d'anomalies et d'exhaustivité générés par le module d'évaluation de la qualité des données, qui identifient les cas où les volumes de services sont anormalement élevés ou manquants. Les valeurs aberrantes sont remplacées par une moyenne mobile centrée sur 12 mois au niveau de l'établissement, calculée à partir de données valides (non signalées). Les valeurs manquantes dues à des rapports incomplets sont imputées selon la même méthode. Si les données historiques valides sont insuffisantes, une moyenne de repli au niveau de l'établissement est utilisée à la place. Les ajustements sont appliqués selon quatre scénarios (aucun ajustement, valeurs aberrantes uniquement, exhaustivité uniquement et les deux combinés) afin de permettre une analyse de sensibilité. Les indicateurs qui ne respectent pas les seuils minimaux de volume sont exclus de l'ajustement. Pour cette analyse, l'ajustement concerne uniquement [LES VALEURS ABERRANTES].""}]],""useHeader"":true,""headerText"":""Méthodologie : ajustements de la qualité des données""}}",2025-10-09T17:43:24.262Z
7baf4cc5-36cb-4233-9cd0-0cc9b76d59c0,0a3ae3bf-5d8f-4afa-a5d8-da41c8539b83,25,"{""type"":""section"",""cover"":{""titleText"":"""",""subTitleText"":"""",""presenterText"":"""",""dateText"":"""",""logos"":[]},""section"":{""sectionText"":""Section 3. Estimations de la Couverture des Services"",""smallerSectionText"":""Utilisation de données de routine pour estimer les tendances récentes et les disparités infranationales dans la couverture des services de santé. Ces estimations ne sont pas officielles.""},""freeform"":{""content"":[[{""type"":""placeholder"",""stretch"":true,""fillArea"":false,""textSize"":1,""textBackground"":""none"",""placeholderInvisible"":false,""useFigureAdditionalScale"":false,""figureAdditionalScale"":1}]]}}",2025-10-09T17:43:24.262Z
92804711-90aa-4bf8-a102-7b76e28a09fc,0a3ae3bf-5d8f-4afa-a5d8-da41c8539b83,18,"{""type"":""freeform"",""cover"":{""titleText"":"""",""subTitleText"":"""",""presenterText"":"""",""dateText"":"""",""logos"":[]},""section"":{""sectionText"":"""",""smallerSectionText"":""""},""freeform"":{""content"":[[{""type"":""text"",""stretch"":true,""fillArea"":true,""textSize"":1.25,""textBackground"":""grey"",""placeholderInvisible"":false,""useFigureAdditionalScale"":false,""figureAdditionalScale"":1,""span"":4,""markdown"":""INTERPRÉTATION:\n\nAprès une perturbation significative des services de vaccination observée au premier trimestre 2024, les efforts de rattrapage menés au cours des trimestres suivants ont permis une amélioration progressive et un rétablissement stable de la continuité et de l’offre de services jusqu’à la fin du premier trimestre 2025 à l’échelle nationale""},{""type"":""figure"",""stretch"":true,""fillArea"":false,""textSize"":1,""textBackground"":""none"",""placeholderInvisible"":false,""useFigureAdditionalScale"":true,""figureAdditionalScale"":1.1,""presentationObjectInReportInfo"":{""id"":""4b1f42cd-1d45-4d8b-ae0f-e348008d5c25"",""moduleId"":""m003"",""selectedReplicantValue"":"""",""isDefault"":false},""hideFigureFootnote"":true}]],""useHeader"":true,""headerText"":""Perturbations et excédents dans l'utilisation des services de santé""}}",2025-10-10T20:03:58.048Z
61dfc860-2f0c-4742-a45e-a36b124f1b3a,0a3ae3bf-5d8f-4afa-a5d8-da41c8539b83,23,"{""type"":""freeform"",""cover"":{""titleText"":"""",""subTitleText"":"""",""presenterText"":"""",""dateText"":"""",""logos"":[]},""section"":{""sectionText"":"""",""smallerSectionText"":""""},""freeform"":{""content"":[[{""type"":""text"",""stretch"":true,""fillArea"":true,""textSize"":1.25,""textBackground"":""grey"",""placeholderInvisible"":false,""useFigureAdditionalScale"":false,""figureAdditionalScale"":1,""span"":4,""markdown"":""INTERPRÉTATION:\nAu niveau infranational, on constate que l'offre de services dépasse les prévisions dans les régions de Conakry et Labé, contrairement à N'Zérékoré où l'on observe une légère diminution.\nDans les autres régions, les tendances sont stables et conformes aux prévisions.\n""},{""type"":""figure"",""stretch"":true,""fillArea"":false,""textSize"":1,""textBackground"":""none"",""placeholderInvisible"":false,""useFigureAdditionalScale"":true,""figureAdditionalScale"":0.6,""presentationObjectInReportInfo"":{""id"":""7d493bab-e082-4623-b11d-fc663d1e6bc7"",""moduleId"":""m003"",""selectedReplicantValue"":"""",""isDefault"":false},""hideFigureFootnote"":true}]],""useHeader"":true,""headerText"":""Perturbations et excédents dans l'utilisation des services de santé""}}",2025-10-10T20:05:51.670Z
f24b0a85-0302-4db8-91e8-cab0a1aa0113,0a3ae3bf-5d8f-4afa-a5d8-da41c8539b83,11,"{""type"":""freeform"",""cover"":{""titleText"":"""",""subTitleText"":"""",""presenterText"":"""",""dateText"":"""",""logos"":[]},""section"":{""sectionText"":"""",""smallerSectionText"":""""},""freeform"":{""content"":[[{""type"":""text"",""stretch"":true,""fillArea"":true,""textSize"":1.25,""textBackground"":""grey"",""placeholderInvisible"":false,""useFigureAdditionalScale"":false,""figureAdditionalScale"":1,""markdown"":"" INTERPRÉTATION\n\nLe score moyen de la qualité des données prend en compte : l’absence de données manquantes, l’absence de valeurs aberrantes ainsi que la cohérence des données.\n\nOn constate une amélioration progressive du score global de la qualité des données d’année en année, et ce, dans toutes les régions. Cela témoigne des efforts déployés en 2022 (la grande révision des canevas et rapports SNIS) et les efforts forts des années suivantes pour améliorer la qualité des données.""},{""type"":""figure"",""stretch"":true,""fillArea"":false,""textSize"":1,""textBackground"":""none"",""placeholderInvisible"":false,""useFigureAdditionalScale"":false,""figureAdditionalScale"":1,""presentationObjectInReportInfo"":{""id"":""d836296f-7083-4923-b74d-37db2a337e37"",""moduleId"":""m001"",""selectedReplicantValue"":"""",""isDefault"":false},""span"":7,""hideFigureFootnote"":true}]],""useHeader"":true,""headerText"":""Tendances dans la qualité des données""}}",2025-10-10T17:38:43.465Z
5f564bc1-3d62-48d3-a0c9-076ccca1066d,0a3ae3bf-5d8f-4afa-a5d8-da41c8539b83,21,"{""type"":""freeform"",""cover"":{""titleText"":"""",""subTitleText"":"""",""presenterText"":"""",""dateText"":"""",""logos"":[]},""section"":{""sectionText"":"""",""smallerSectionText"":""""},""freeform"":{""content"":[[{""type"":""text"",""stretch"":true,""fillArea"":true,""textSize"":1.25,""textBackground"":""grey"",""placeholderInvisible"":false,""useFigureAdditionalScale"":false,""figureAdditionalScale"":1,""span"":4,""markdown"":""INTERPRÉTATION\n\nCe graphique montre une fluctuation constante des consultations primaires curatives d’une année à l’autre, avec une baisse régulière de 13% au cours des deux derniers trimestres (T4 2024 et T1 2025)\n""},{""type"":""figure"",""stretch"":true,""fillArea"":false,""textSize"":1,""textBackground"":""none"",""placeholderInvisible"":false,""useFigureAdditionalScale"":true,""figureAdditionalScale"":0.5,""presentationObjectInReportInfo"":{""id"":""8b978ba2-859d-47ba-9eee-4e961e2bdb4b"",""moduleId"":""m003"",""selectedReplicantValue"":"""",""isDefault"":false},""hideFigureFootnote"":true}]],""useHeader"":true,""headerText"":""Tendances du volume annuel des services, à l'échelle nationale""}}",2025-10-10T20:05:21.179Z
e322b452-9ea9-433c-a2cc-5e527228a3ab,0a3ae3bf-5d8f-4afa-a5d8-da41c8539b83,36,"{""type"":""freeform"",""cover"":{""titleText"":"""",""subTitleText"":"""",""presenterText"":"""",""dateText"":"""",""logos"":[]},""section"":{""sectionText"":"""",""smallerSectionText"":""""},""freeform"":{""content"":[[{""type"":""figure"",""stretch"":true,""fillArea"":false,""textSize"":1,""textBackground"":""none"",""placeholderInvisible"":false,""useFigureAdditionalScale"":true,""figureAdditionalScale"":0.8,""presentationObjectInReportInfo"":{""id"":""e5edce68-369c-498e-a4b0-03ba73d31d6c"",""moduleId"":""m002"",""selectedReplicantValue"":""""}},{""type"":""figure"",""presentationObjectInReportInfo"":{""id"":""b4750223-9ffd-43f6-958b-0ba9c0412df4"",""moduleId"":""m002"",""selectedReplicantValue"":""""},""stretch"":true,""fillArea"":false,""textSize"":1,""textBackground"":""none"",""placeholderInvisible"":false,""useFigureAdditionalScale"":true,""figureAdditionalScale"":0.8}]],""useHeader"":true,""headerText"":""Methodologie: Comment l'ajustement de la qualité des données affecte les résultats""}}",2025-10-09T17:43:24.262Z
fc12f74d-5ada-4a49-89f1-cf7ad07feac0,0a3ae3bf-5d8f-4afa-a5d8-da41c8539b83,9,"{""type"":""freeform"",""cover"":{""titleText"":"""",""subTitleText"":"""",""presenterText"":"""",""dateText"":"""",""logos"":[]},""section"":{""sectionText"":"""",""smallerSectionText"":""""},""freeform"":{""content"":[[{""type"":""text"",""stretch"":true,""fillArea"":true,""textSize"":1,""textBackground"":""grey"",""placeholderInvisible"":false,""useFigureAdditionalScale"":false,""figureAdditionalScale"":1,""markdown"":""INTERPRÉTATION\n\nCet indicateur reflète le nombre de valeurs extrêmes ou hors tendance. Il est basé sur la déviance totale, c'est-à-dire l’impact cumulé de toutes les valeurs aberrantes sur les totaux de l’indicateur, plutôt que sur un simple décompte des valeurs aberrantes.\n\nBCG, Penta 1 et Penta 3 sont des indicateurs dont les volumes sont les plus impactés par les valeurs aberrantes. Au cours du trimestre  écoulé dans toutes les régions.\n\nLe taux élevé de données aberrantes concernant les vaccinations pourrait s'expliquer par les ruptures de stock de vaccins au premier trimestre 2024. Cette situation a entraîné une hausse du nombre de vaccinations dans les mois suivants en raison des efforts de rattrapage.""},{""type"":""figure"",""stretch"":true,""fillArea"":false,""textSize"":1,""textBackground"":""none"",""placeholderInvisible"":false,""useFigureAdditionalScale"":true,""figureAdditionalScale"":0.7,""presentationObjectInReportInfo"":{""id"":""c3cb0cc9-4352-4b27-8532-f18e465faec8"",""moduleId"":""m001"",""selectedReplicantValue"":""""},""span"":7,""hideFigureFootnote"":true}]],""useHeader"":true,""headerText"":""Valeurs aberrantes""}}",2025-10-09T17:43:24.262Z
546279fd-65b2-4dac-8a46-617bfd3062fd,0a3ae3bf-5d8f-4afa-a5d8-da41c8539b83,7,"{""type"":""section"",""cover"":{""titleText"":"""",""subTitleText"":"""",""presenterText"":"""",""dateText"":"""",""logos"":[]},""section"":{""sectionText"":""Section 1: Évaluation de la Qualité des Données"",""smallerSectionText"":""Les évaluations de la qualité des données (axées sur la complétude, la cohérence et les valeurs aberrantes) permettent d'apporter des ajustements aux données de routine afin d'améliorer la fiabilité des analyses présentées.""},""freeform"":{""content"":[[{""type"":""placeholder"",""stretch"":true,""fillArea"":false,""textSize"":1,""textBackground"":""none"",""placeholderInvisible"":false,""useFigureAdditionalScale"":false,""figureAdditionalScale"":1}]]}}",2025-10-09T17:43:24.262Z
dbedc704-8598-4515-a899-ee40ce0bcf86,0a3ae3bf-5d8f-4afa-a5d8-da41c8539b83,15,"{""type"":""freeform"",""cover"":{""titleText"":"""",""subTitleText"":"""",""presenterText"":"""",""dateText"":"""",""logos"":[]},""section"":{""sectionText"":"""",""smallerSectionText"":""""},""freeform"":{""content"":[[{""type"":""text"",""stretch"":true,""fillArea"":true,""textSize"":1.25,""textBackground"":""grey"",""placeholderInvisible"":false,""useFigureAdditionalScale"":false,""figureAdditionalScale"":1,""span"":4,""markdown"":""INTERPRÉTATION\nLes diminutions des volumes de services de la CPN1 et des accouchements assistés sont particulièrement marquées par rapport aux prévisions dans les régions de Faranah et Kankan.\nPar contre à Conakry, les performances pour la CPN1 ont dépassé les attentes, tout comme à Labé pour les accouchements assistés.\n""},{""type"":""figure"",""stretch"":true,""fillArea"":false,""textSize"":1,""textBackground"":""none"",""placeholderInvisible"":false,""useFigureAdditionalScale"":true,""figureAdditionalScale"":0.6,""presentationObjectInReportInfo"":{""id"":""851007dc-ee29-419b-850e-adec20e23d6b"",""moduleId"":""m003"",""selectedReplicantValue"":"""",""isDefault"":false},""hideFigureSubCaption"":false,""hideFigureFootnote"":true}]],""useHeader"":true,""headerText"":""Perturbations et excédents dans l'utilisation des services de santé""}}",2025-10-10T19:58:45.160Z
1009b735-9219-45fb-9965-acbce4b2f3f5,0a3ae3bf-5d8f-4afa-a5d8-da41c8539b83,17,"{""type"":""freeform"",""cover"":{""titleText"":"""",""subTitleText"":"""",""presenterText"":"""",""dateText"":"""",""logos"":[]},""section"":{""sectionText"":"""",""smallerSectionText"":""""},""freeform"":{""content"":[[{""type"":""text"",""stretch"":true,""fillArea"":true,""textSize"":1.25,""textBackground"":""grey"",""placeholderInvisible"":false,""useFigureAdditionalScale"":false,""figureAdditionalScale"":1,""span"":4,""markdown"":""INTERPRÉTATION\n\nAprès une perturbation significative des services de vaccination observée au premier trimestre 2024, les efforts de rattrapage menés au cours des trimestres suivants ont permis une amélioration progressive et un rétablissement stable de la continuité et de l’offre de services jusqu’à la fin du premier trimestre 2025 à l’échelle nationale\n""},{""type"":""figure"",""stretch"":true,""fillArea"":false,""textSize"":1,""textBackground"":""none"",""placeholderInvisible"":false,""useFigureAdditionalScale"":true,""figureAdditionalScale"":0.5,""presentationObjectInReportInfo"":{""id"":""912176f0-62c7-4370-b184-ed9358d74a26"",""moduleId"":""m003"",""selectedReplicantValue"":"""",""isDefault"":false},""hideFigureFootnote"":true}]],""useHeader"":true,""headerText"":""Tendances du volume annuel des services, à l'échelle nationale""}}",2025-10-10T20:20:33.619Z
b1450053-7fb9-4fdb-8d73-70ee433cff37,0a3ae3bf-5d8f-4afa-a5d8-da41c8539b83,12,"{""type"":""section"",""cover"":{""titleText"":"""",""subTitleText"":"""",""presenterText"":"""",""dateText"":"""",""logos"":[]},""section"":{""sectionText"":""Section 2: Suivi de la continuité des services de santé essentiels"",""smallerSectionText"":""Suivi de la continuité des services de santé essentiels à travers les tendances, les comparaisons d'une année sur l'autre et l'analyse des volumes prévus sur la base des tendances historiques et de la saisonnalité afin d'identifier les excédents et les perturbations dans la prestation des services.""},""freeform"":{""content"":[[{""type"":""placeholder"",""stretch"":true,""fillArea"":false,""textSize"":1,""textBackground"":""none"",""placeholderInvisible"":false,""useFigureAdditionalScale"":false,""figureAdditionalScale"":1}]]}}",2025-10-09T17:43:24.262Z
88fd138d-9eca-4750-8fc0-5850117ecd8b,0a3ae3bf-5d8f-4afa-a5d8-da41c8539b83,39,"{""type"":""freeform"",""cover"":{""titleText"":"""",""subTitleText"":"""",""presenterText"":"""",""dateText"":"""",""logos"":[]},""section"":{""sectionText"":"""",""smallerSectionText"":""""},""freeform"":{""content"":[[{""type"":""text"",""stretch"":true,""fillArea"":false,""textSize"":1,""textBackground"":""none"",""placeholderInvisible"":false,""useFigureAdditionalScale"":false,""figureAdditionalScale"":1,""markdown"":""\n\n\n\n\n\n# [NOM DE L'ORGANISATION]:\n[SITE WEB]\n\n\n# Initiative FASTR:\nhttps://data.gffportal.org/key-theme/FASTR""}]],""useFooter"":true,""footerLogos"":[""guinea_logo.png"",""FASTR_Primary_01_FullName.png""]}}",2025-10-09T17:43:24.262Z
936e65cd-7ffc-489a-b96d-baa5723eed29,0a3ae3bf-5d8f-4afa-a5d8-da41c8539b83,32,"{""type"":""section"",""cover"":{""titleText"":"""",""subTitleText"":"""",""presenterText"":"""",""dateText"":"""",""logos"":[]},""section"":{""sectionText"":""Recommandations et Prochaines Etapes"",""smallerSectionText"":""""},""freeform"":{""content"":[[{""type"":""placeholder"",""stretch"":true,""fillArea"":false,""textSize"":1,""textBackground"":""none"",""placeholderInvisible"":false,""useFigureAdditionalScale"":false,""figureAdditionalScale"":1}]],""useHeader"":true}}",2025-10-09T17:43:24.262Z
6c9ad55a-3e17-4900-84ac-b2e04dd61ae9,0a3ae3bf-5d8f-4afa-a5d8-da41c8539b83,33,"{""type"":""freeform"",""cover"":{""titleText"":"""",""subTitleText"":"""",""presenterText"":"""",""dateText"":"""",""logos"":[]},""section"":{""sectionText"":"""",""smallerSectionText"":""""},""freeform"":{""content"":[[{""type"":""text"",""stretch"":true,""fillArea"":true,""textSize"":0.8,""textBackground"":""grey"",""placeholderInvisible"":false,""useFigureAdditionalScale"":false,""figureAdditionalScale"":1,""markdown"":""# RESULTAT CLÉ 1\n- Recommandation 1\n- Recommandation 2\n- Recommandation 3\n\n# RESULTAT CLÉ 2\n- Recommandation 1\n- Recommandation 2\n- Recommandation 3\n\n# RESULTAT CLÉ 3\n- Recommandation 1\n- Recommandation 2\n- Recommandation 3\n\n\n""}]],""useHeader"":true,""headerText"":""Recommandations basées sur les résultats clés""}}",2025-10-09T17:43:24.262Z
87d63242-e41b-498b-9146-01c2ec078645,0a3ae3bf-5d8f-4afa-a5d8-da41c8539b83,3,"{""type"":""freeform"",""cover"":{""titleText"":"""",""subTitleText"":"""",""presenterText"":"""",""dateText"":"""",""logos"":[]},""section"":{""sectionText"":"""",""smallerSectionText"":""""},""freeform"":{""content"":[[{""type"":""image"",""stretch"":true,""fillArea"":false,""textSize"":1,""textBackground"":""none"",""placeholderInvisible"":false,""useFigureAdditionalScale"":false,""figureAdditionalScale"":1,""imgFile"":""report_image1.png"",""imgFit"":""cover""},{""type"":""text"",""stretch"":true,""fillArea"":true,""textSize"":1,""textBackground"":""success"",""placeholderInvisible"":false,""useFigureAdditionalScale"":false,""figureAdditionalScale"":1,""markdown"":""# L'objectif de ce rapport est de fournir un aperçu actualisé des performances du secteur de la santé en évaluant les principaux indicateurs d'utilisation des services SRMNIA-N et la qualité des données du SIS. \n\nIl vise à :\n 1) Identifier les tendances en matière de couverture des services ;\n 2) Détecter les perturbations ou les excédents dans la prestation des services ;  \n3) Identifier les problèmes potentiels liés à la qualité des données afin de soutenir la prise de décisions fondées sur des données probantes ; \n4) Prendre des actions rapides pour améliorer les résultats en matière de santé.\n""}]],""useHeader"":true,""headerText"":""Objectifs  ""}}",2025-10-09T17:43:24.262Z
1de6073e-0a1b-4a6b-8fe5-71dba4bdf73d,0a3ae3bf-5d8f-4afa-a5d8-da41c8539b83,6,"{""type"":""freeform"",""cover"":{""titleText"":"""",""subTitleText"":"""",""presenterText"":"""",""dateText"":"""",""logos"":[]},""section"":{""sectionText"":"""",""smallerSectionText"":""""},""freeform"":{""content"":[[{""type"":""text"",""stretch"":true,""fillArea"":true,""textSize"":0.8,""textBackground"":""grey"",""placeholderInvisible"":false,""useFigureAdditionalScale"":false,""figureAdditionalScale"":1,""markdown"":""# Aperçu de la méthodologie d'évaluation de la qualité des données\nIdentifie les principaux problèmes liés à la qualité des données en évaluant la complétude des indicateurs, en détectant les valeurs aberrantes extrêmes et en évaluant la cohérence entre les indicateurs connexes, à partir des données du SNIS de routine  au niveau des établissements sanitaires.\nAppliquer des ajustements ciblés sur les données signalés en remplaçant les valeurs aberrantes et en imputant les valeurs manquantes à l'aide d'une moyenne mobile centrée sur 12 mois ; les moyennes au niveau des établissements sont utilisées lorsque l'historique est insuffisant. Ce qui permet une analyse de sensibilité en produisant des résultats selon quatre scénarios (aucun ajustement, valeurs aberrantes uniquement, complétude uniquement et combiné), certains indicateurs qui ne répondent pas aux critères d'inclusion étant exclus de l'ajustement. Pour cette analyse, l'ajustement concerne les valeurs aberrantes uniquement.\n# Aperçu de la méthodologie d'évaluation des performances en matière d'utilisation des services\nAnalyse des tendances en matière d'utilisation des services, qui identifie le pourcentage de variation de l'utilisation des services pour chaque trimestre de données par rapport au trimestre précédent.\nAnalyse des perturbations et des excédents dans l'utilisation des services, qui aide à identifier les changements positifs ou négatifs significatifs dans l'utilisation des services en dehors de ce que l'on pourrait attendre compte tenu des tendances saisonnières et historiques.\n# Aperçu de la méthodologie d'estimation de la couverture des services\nL'analyse de l'estimation de la couverture utilise des données de routine pour estimer les tendances de la couverture des services aux niveaux national et infranational. Pour ce faire, elle intègre les données ajustées sur le volume des services de santé, les projections démographiques et les données d'enquête (MICS/EDS). Les estimations de la couverture sont calculées pour les principaux indicateurs de santé à l'aide de plusieurs sources de dénominateurs, et le dénominateur optimal est sélectionné en minimisant l'erreur par rapport aux données d'enquête les plus récentes.""}],[{""type"":""text"",""stretch"":true,""fillArea"":true,""textSize"":0.8,""textBackground"":""success"",""placeholderInvisible"":false,""useFigureAdditionalScale"":false,""figureAdditionalScale"":1,""markdown"":""Des détails additionnels sur la méthodologie et les approches utilisées pour ajuster la qualité des données figurent en annexe. L'ensemble du code R et la documentation source sont également accessibles au public sur GitHub (https://github.com/orgs/FASTR-Analytics/repositories).""}]],""useHeader"":true,""headerText"":""Méthodologie""}}",2025-10-09T17:43:24.262Z
5a0d4ac2-f1b5-4f13-8e38-f2ee29b0c1b2,0a3ae3bf-5d8f-4afa-a5d8-da41c8539b83,38,"{""type"":""freeform"",""cover"":{""titleText"":"""",""subTitleText"":"""",""presenterText"":"""",""dateText"":"""",""logos"":[]},""section"":{""sectionText"":"""",""smallerSectionText"":""""},""freeform"":{""content"":[[{""type"":""text"",""stretch"":true,""fillArea"":false,""textSize"":1,""textBackground"":""success"",""placeholderInvisible"":false,""useFigureAdditionalScale"":false,""figureAdditionalScale"":1,""markdown"":""L'analyse des données issues des systèmes d'information de gestion de la santé (SIS) et les choix méthodologiques présentés dans ce rapport mettent en évidence des points forts et des limites qu'il est important de prendre en compte dans l'interprétation des résultats.""}],[{""type"":""text"",""stretch"":true,""fillArea"":true,""textSize"":1,""textBackground"":""grey"",""placeholderInvisible"":false,""useFigureAdditionalScale"":false,""figureAdditionalScale"":1,""markdown"":""# Avantages\n- Exploite les données du SIS collectées régulièrement, permettant un suivi rapide et peu coûteux.\n- Comprend une évaluation rigoureuse de la qualité des données et des ajustements afin d'améliorer la fiabilité des estimations.\n- Permet une analyse infranationale pour obtenir des informations détaillées.\n- Facilite les questions pertinentes pour les politiques grâce à une sélection d'indicateurs sur mesure et une stratification flexible.\n- Tient compte de la saisonnalité et des tendances historiques à l'aide de méthodes statistiques non disponibles dans DHIS2.\n- Complète les outils DHIS2 existants et renforce l'utilisation des données grâce à des boucles de rétroaction.""},{""type"":""text"",""stretch"":true,""fillArea"":true,""textSize"":1,""textBackground"":""grey"",""placeholderInvisible"":false,""useFigureAdditionalScale"":false,""figureAdditionalScale"":1,""markdown"":""# Limites\n- Ne permet pas de corriger tous les types de problèmes liés à la qualité des données (par exemple, sous-déclaration systématique, inexactitudes dans les dénominateurs).\n- Ne tient pas compte des établissements qui ne déclarent jamais leurs données, ce qui peut biaiser les résultats dans les zones où les lacunes en matière de déclaration sont importantes.\n- Les indicateurs à faible volume sont plus sensibles aux anomalies et peuvent ne pas être ajustés.\n- Nécessite des définitions cohérentes des indicateurs et des systèmes de déclaration stables dans le temps pour l'analyse des tendances.""}]],""useHeader"":true,""headerText"":""Avantages et limites de cette analyse""}}",2025-10-09T17:43:24.262Z
689f8817-ac0d-4812-a980-bd0dea019cf6,0a3ae3bf-5d8f-4afa-a5d8-da41c8539b83,5,"{""type"":""freeform"",""cover"":{""titleText"":"""",""subTitleText"":"""",""presenterText"":"""",""dateText"":"""",""logos"":[]},""section"":{""sectionText"":"""",""smallerSectionText"":""""},""freeform"":{""content"":[[{""type"":""text"",""stretch"":true,""fillArea"":true,""textSize"":1,""textBackground"":""success"",""placeholderInvisible"":false,""useFigureAdditionalScale"":false,""figureAdditionalScale"":1,""markdown"":""# Les indicateurs pour cette analyse ont été selectionnés par l'equipe du SNIS/DNSFN, sur base d'indicateurs prioritaires nationaux. \n\n# Les indicateurs séléctionnés incluent:\n""}],[{""type"":""text"",""markdown"":""# Indicateurs de santé maternelle et neonatale:\nCPN 1ere visite\nCPN 4eme visite\nAccouchement institutionnel\nVaccin BCG administré "",""stretch"":true,""fillArea"":false,""textSize"":1.25,""textBackground"":""grey"",""placeholderInvisible"":false,""useFigureAdditionalScale"":false,""figureAdditionalScale"":1},{""type"":""text"",""stretch"":true,""fillArea"":true,""textSize"":1.25,""textBackground"":""grey"",""placeholderInvisible"":false,""useFigureAdditionalScale"":false,""figureAdditionalScale"":1,""markdown"":""# Indicateurs de la santé de l'enfant et general:\nVaccin Penta 1 administré\nVaccin Penta 3 administré\nConsultations primaires curatives""}]],""useHeader"":true,""headerText"":""Méthodologie: Selection d'indicateur""}}",2025-10-09T17:43:24.262Z
03fbc7ed-69fc-430e-8c43-bd0cb5fa138e,0a3ae3bf-5d8f-4afa-a5d8-da41c8539b83,16,"{""type"":""freeform"",""cover"":{""titleText"":"""",""subTitleText"":"""",""presenterText"":"""",""dateText"":"""",""logos"":[]},""section"":{""sectionText"":"""",""smallerSectionText"":""""},""freeform"":{""content"":[[{""type"":""text"",""stretch"":true,""fillArea"":true,""textSize"":1,""textBackground"":""grey"",""placeholderInvisible"":false,""useFigureAdditionalScale"":false,""figureAdditionalScale"":1,""span"":4,""markdown"":""INTERPRÉTATION\nEn considérant la période allant de janvier à mars 2025 uniquement, des diminutions marquées des volumes de services par rapport aux prévisions ont été observées:\n•\tPour la CPN1 : dans les régions de Faranah et Mamou enregistrent des baisses significatives, tandis qu’un fort gain de 15% est observé à Conakry.\n•\tPour les Accouchements assistés: dans les régions de Faranah et Kankan, tandis que des gains de services sont observés dans les régions de Labé et Mamou.\n•\tPour la CPN4 : Dans les régions de Conakry, Kindia, Mamou et N’Zérékoré.\n""},{""type"":""figure"",""stretch"":true,""fillArea"":false,""textSize"":1,""textBackground"":""none"",""placeholderInvisible"":false,""useFigureAdditionalScale"":true,""figureAdditionalScale"":0.6,""presentationObjectInReportInfo"":{""id"":""f7a39df7-7e50-4404-a164-9bf2bc32b01f"",""moduleId"":""m003"",""selectedReplicantValue"":"""",""isDefault"":false},""hideFigureSubCaption"":false,""hideFigureFootnote"":true}]],""useHeader"":true,""headerText"":""Perturbations et excédents dans l'utilisation des services de santé""}}",2025-10-09T17:43:24.262Z
322874cf-224e-4a6b-8968-f6428b7665e3,0a3ae3bf-5d8f-4afa-a5d8-da41c8539b83,24,"{""type"":""freeform"",""cover"":{""titleText"":"""",""subTitleText"":"""",""presenterText"":"""",""dateText"":"""",""logos"":[]},""section"":{""sectionText"":"""",""smallerSectionText"":""""},""freeform"":{""content"":[[{""type"":""text"",""stretch"":true,""fillArea"":true,""textSize"":1.25,""textBackground"":""grey"",""placeholderInvisible"":false,""useFigureAdditionalScale"":false,""figureAdditionalScale"":1,""span"":4,""markdown"":""INTERPRÉTATION:\nAu niveau infranational, on constate que l'offre de services dépasse les prévisions dans les régions de Conakry et Labé, contrairement à N'Zérékoré où l'on observe une légère diminution.\nDans les autres régions, les tendances sont stables et conformes aux prévisions.\n""},{""type"":""figure"",""stretch"":true,""fillArea"":false,""textSize"":1,""textBackground"":""none"",""placeholderInvisible"":false,""useFigureAdditionalScale"":true,""figureAdditionalScale"":0.6,""presentationObjectInReportInfo"":{""id"":""5b3a36f8-2e07-4eb3-b231-d363ece71ffd"",""moduleId"":""m003"",""selectedReplicantValue"":"""",""isDefault"":false},""hideFigureFootnote"":true}]],""useHeader"":true,""headerText"":""Perturbations et excédents dans l'utilisation des services de santé""}}",2025-10-09T17:43:24.262Z
17a973ef-d9d8-499a-abd4-b60ba94fde90,0a3ae3bf-5d8f-4afa-a5d8-da41c8539b83,34,"{""type"":""section"",""cover"":{""titleText"":"""",""subTitleText"":"""",""presenterText"":"""",""dateText"":"""",""logos"":[]},""section"":{""sectionText"":""Annexe"",""smallerSectionText"":""""},""freeform"":{""content"":[[{""type"":""placeholder"",""stretch"":true,""fillArea"":false,""textSize"":1,""textBackground"":""none"",""placeholderInvisible"":false,""useFigureAdditionalScale"":false,""figureAdditionalScale"":1}]],""useHeader"":true}}",2025-10-09T17:43:24.262Z
118bc88a-ba6e-41c1-8686-ddff5761157e,0a3ae3bf-5d8f-4afa-a5d8-da41c8539b83,20,"{""type"":""freeform"",""cover"":{""titleText"":"""",""subTitleText"":"""",""presenterText"":"""",""dateText"":"""",""logos"":[]},""section"":{""sectionText"":"""",""smallerSectionText"":""""},""freeform"":{""content"":[[{""type"":""text"",""stretch"":true,""fillArea"":true,""textSize"":1.25,""textBackground"":""grey"",""placeholderInvisible"":false,""useFigureAdditionalScale"":false,""figureAdditionalScale"":1,""span"":4,""markdown"":""INTERPRÉTATION\n\nEn se limitant à la période de janvier à mars 2025, on observe une baisse du volume global des services de vaccination dans les régions de Faranah, Kankan et N’Zérékoré pour les trois antigènes. En revanche, une augmentation des services est constatée dans les régions de Labé et Conakry""},{""type"":""figure"",""stretch"":true,""fillArea"":false,""textSize"":1,""textBackground"":""none"",""placeholderInvisible"":false,""useFigureAdditionalScale"":true,""figureAdditionalScale"":1.1,""presentationObjectInReportInfo"":{""id"":""127da146-7618-4ad9-8f82-bfafe2abc27e"",""moduleId"":""m003"",""selectedReplicantValue"":"""",""isDefault"":false},""hideFigureFootnote"":true}]],""useHeader"":true,""headerText"":""Perturbations et excédents dans l'utilisation des services de santé""}}",2025-10-09T17:43:24.262Z
09d0a743-685d-4c09-bd84-17d9e78e938f,0a3ae3bf-5d8f-4afa-a5d8-da41c8539b83,8,"{""type"":""freeform"",""cover"":{""titleText"":"""",""subTitleText"":"""",""presenterText"":"""",""dateText"":"""",""logos"":[]},""section"":{""sectionText"":"""",""smallerSectionText"":""""},""freeform"":{""content"":[[{""type"":""text"",""stretch"":true,""fillArea"":true,""textSize"":1,""textBackground"":""grey"",""placeholderInvisible"":false,""useFigureAdditionalScale"":false,""figureAdditionalScale"":1,""markdown"":""INTERPRÉTATION\nCet indicateur mesure la complétude interne, c’est-à-dire la disponibilité des données spécifiques à chaque indicateur, indépendamment de la complétude des rapports.\nLa complétude interne est globalement satisfaisante, avec un taux supérieur à 90% dans toutes les régions et pour tous les indicateurs, à l’exception de Conakry, où elle est légèrement inférieure à ce seuil.\nLa faible complétude des indicateurs de vaccination à Conakry pourrait s’expliquer par la ruptures prolongée des antigènes en 2024. Elle pourrait également être liée à la proportion de structures privées qui ne fournissent pas les services de vaccination.\nLes années précédentes, l’absence de saisie des valeurs nulles « zéro » dans DHIS2 entraînait des écarts dans les données lorsque certains services n’étaient pas offerts. À partir de 2025, l’introduction de la saisie systématique des zéros dans DHIS2 a permis d’obtenir des taux de complétude interne plus fiables\n""},{""type"":""figure"",""stretch"":true,""fillArea"":false,""textSize"":1,""textBackground"":""none"",""placeholderInvisible"":false,""useFigureAdditionalScale"":true,""figureAdditionalScale"":0.8,""presentationObjectInReportInfo"":{""id"":""c20f1672-edfc-4140-ae2c-09a30b50443a"",""moduleId"":""m001"",""selectedReplicantValue"":""""},""hideFigureCaption"":false,""hideFigureSubCaption"":false,""hideFigureFootnote"":true,""span"":7}]],""useHeader"":true,""headerText"":""Complétude des indicateurs"",""useFooter"":false,""footerText"":""""}}",2025-10-09T17:43:24.262Z
37924578-6263-416f-b1d2-9035ea680c54,0a3ae3bf-5d8f-4afa-a5d8-da41c8539b83,28,"{""type"":""freeform"",""cover"":{""titleText"":"""",""subTitleText"":"""",""presenterText"":"""",""dateText"":"""",""logos"":[]},""section"":{""sectionText"":"""",""smallerSectionText"":""""},""freeform"":{""content"":[[{""type"":""text"",""stretch"":true,""fillArea"":true,""textSize"":1,""textBackground"":""grey"",""placeholderInvisible"":false,""useFigureAdditionalScale"":false,""figureAdditionalScale"":1,""markdown"":""INTERPRÉTATION:\nLe graphique présente une estimation de la couverture des accouchements institutionnels, à partir des données administratives du DHIS2 et de celles issues de l’EDS.\nSelon EDS 2018, les accouchments institutionnels etaient à 53% alors que  selon le DHIS2,  les données montrent une augmentation constante du taux d’accouchements institutionnels, avec une tendance similaire observée dans les données de projection. Toutefois, cette dernière affiche un taux légèrement supérieur, d’environ 4% à celui du DHIS2.\nCette tendance positive et cohérente témoigne d’une progression vers l’objectif d’accroître les accouchements en milieu institutionnel.\nCes améliorations pourraient être attribuées à l’expansion des infrastructures de santé, ainsi qu’à une sensibilisation accrue dans les FOSA et au niveau communautaire sur les avantages des accouchements en milieu surveillé.""},{""type"":""figure"",""presentationObjectInReportInfo"":{""id"":""3e3230cb-ad9e-48b9-b3ce-7bd01255d20b"",""moduleId"":""m004"",""isDefault"":true,""replicateBy"":""indicator_common_id"",""selectedReplicantValue"":""delivery""},""stretch"":true,""fillArea"":false,""textSize"":1,""textBackground"":""none"",""placeholderInvisible"":false,""useFigureAdditionalScale"":false,""figureAdditionalScale"":1,""imgFit"":""cover"",""imgStretch"":false,""hideFigureCaption"":false,""hideFigureSubCaption"":true,""hideFigureFootnote"":true}]],""useHeader"":true,""headerText"":""Estimation de la couverture d'accouchements institutionnels""}}",2025-10-10T20:08:34.931Z
5fe1f8b2-66a1-4bdd-b7e1-bdbff7d29b7e,0a3ae3bf-5d8f-4afa-a5d8-da41c8539b83,1,"{""type"":""cover"",""cover"":{""titleText"":""Analyse de la performance des services de la SRMNIA-N en Guinée\n"",""subTitleText"":""T1 2025"",""presenterText"":""Ministère de la Santé et de l’Hygiène Publique"",""dateText"":""Juillet 2025"",""logos"":[""guinea_logo.png""]},""section"":{""sectionText"":"""",""smallerSectionText"":""""},""freeform"":{""content"":[[{""type"":""placeholder"",""stretch"":true,""fillArea"":false,""textSize"":1,""textBackground"":""none"",""placeholderInvisible"":false,""useFigureAdditionalScale"":false,""figureAdditionalScale"":1}]],""useHeader"":true,""headerText"":""""}}",2025-10-09T17:46:10.729Z
5a5786d6-4188-42f3-885c-70af18c618b3,0a3ae3bf-5d8f-4afa-a5d8-da41c8539b83,10,"{""type"":""freeform"",""cover"":{""titleText"":"""",""subTitleText"":"""",""presenterText"":"""",""dateText"":"""",""logos"":[]},""section"":{""sectionText"":"""",""smallerSectionText"":""""},""freeform"":{""content"":[[{""type"":""text"",""stretch"":true,""fillArea"":true,""textSize"":1,""textBackground"":""grey"",""placeholderInvisible"":false,""useFigureAdditionalScale"":false,""figureAdditionalScale"":1,""markdown"":""INTERPRÉTATION\nCes mesures mettent en évidence la cohérence, c'est-à-dire la correspondance logique et la stabilité des relations entre les indicateurs similaires. \nAinsi, pour les consultations prénatales (CPN1 et CPN4), les données révèlent une bonne cohérence entre les deux indicateurs dans l’ensemble des régions, indiquant que les tendances observées évoluent de manière harmonieuse.\nEn ce qui concerne la vaccination (Penta1 et Penta3), on observe une faible cohérence dans la majorité des régions (6 sur 8). Cette incohérence est particulièrement marquée dans les régions de Boké et Labé. \nEn revanche, les régions de Conakry et N’Zérékoré présentent une bonne cohérence entre les deux indicateurs ""},{""type"":""figure"",""stretch"":true,""fillArea"":false,""textSize"":1,""textBackground"":""none"",""placeholderInvisible"":false,""useFigureAdditionalScale"":false,""figureAdditionalScale"":1,""presentationObjectInReportInfo"":{""id"":""cf5b8649-93c2-4bbe-8f2d-773f42ce8ec3"",""moduleId"":""m001"",""selectedReplicantValue"":"""",""isDefault"":true},""span"":7,""hideFigureFootnote"":true}]],""useHeader"":true,""headerText"":""Cohérence Interne""}}",2025-10-09T17:54:29.270Z
33445321-f430-45f5-ace6-f417abfde6c9,0a3ae3bf-5d8f-4afa-a5d8-da41c8539b83,26,"{""type"":""freeform"",""cover"":{""titleText"":"""",""subTitleText"":"""",""presenterText"":"""",""dateText"":"""",""logos"":[]},""section"":{""sectionText"":"""",""smallerSectionText"":""""},""freeform"":{""content"":[[{""type"":""text"",""stretch"":true,""fillArea"":true,""textSize"":1,""textBackground"":""grey"",""placeholderInvisible"":false,""useFigureAdditionalScale"":false,""figureAdditionalScale"":1,""markdown"":""INTERPRÉTATION:\nLe graphique présente une estimation de la couverture de la CPN1 à partir des données du DHIS2 et de celles de l'EDS.\nSelon l’EDS 2018, la couverture de la CPN1 était de 81 %. Les données issues du DHIS2 indiquent une couverture supérieure à 90% entre 2019 et 2020, suivie d’une tendance à la baisse à partir de 2021.\nEn appliquant les tendances observées dans le DHIS2 aux données d’enquête, on observe une projection estimée autour de 75% en 2025, qui converge avec les données du DHIS2. Globalement, on note une bonne cohérence entre les données administratives et les projections.\nCependant, la baisse de la couverture de la CPN1 est préoccupante au regard des efforts consentis et des ressources mobilisées pour améliorer l’offre et l’utilisation des services. Cette situation pourrait s'expliquer par une sous-estimation du numérateur, des différences méthodologiques entre les deux sources dans l’estimation de la population cible, ou encore par un problème de qualité des données rapportées dans le DHIS2.""},{""type"":""figure"",""span"":6,""presentationObjectInReportInfo"":{""id"":""3e3230cb-ad9e-48b9-b3ce-7bd01255d20b"",""moduleId"":""m004"",""isDefault"":true,""replicateBy"":""indicator_common_id"",""selectedReplicantValue"":""anc1""},""stretch"":true,""fillArea"":false,""textSize"":1,""textBackground"":""none"",""placeholderInvisible"":false,""useFigureAdditionalScale"":false,""figureAdditionalScale"":1,""imgFit"":""cover"",""imgStretch"":false,""hideFigureCaption"":false,""hideFigureSubCaption"":true,""hideFigureFootnote"":true}]],""useHeader"":true,""headerText"":""Estimation de la couverture de la CPN1""}}",2025-10-09T17:56:35.806Z
ec809737-5cd7-4e75-b418-ddb3157783b2,0a3ae3bf-5d8f-4afa-a5d8-da41c8539b83,31,"{""type"":""freeform"",""cover"":{""titleText"":"""",""subTitleText"":"""",""presenterText"":"""",""dateText"":"""",""logos"":[]},""section"":{""sectionText"":"""",""smallerSectionText"":""""},""freeform"":{""content"":[[{""type"":""text"",""stretch"":true,""fillArea"":false,""textSize"":1.25,""textBackground"":""none"",""placeholderInvisible"":false,""useFigureAdditionalScale"":false,""figureAdditionalScale"":1,""imgFit"":""cover"",""imgStretch"":false,""hideFigureCaption"":false,""hideFigureSubCaption"":false,""hideFigureFootnote"":false,""markdown"":""INTERPRÉTATION:\nLa couverture du Penta3 varie selon les sources.\n•\tDHIS2 montre une tendance stable autour de 57 % entre 2019 et 2024.\n•\tEDS 2018 estime la couverture à 40%.\n•\tLes projections l’évaluent à 47%, avec une progression régulière entre 2023 et 2024.\nLes tendances issues de DHIS2 et des projections sont globalement alignées bien les données soient plus élevées, suggérant une couverture vaccinale progressive, conforme aux objectifs du programme national.""},{""type"":""figure"",""markdown"":""p^^egzgkregk^grzepokrppppp\npppppppppppppppppppppppppppppppppppppppppppppppppppppppppppppppppppppppppppppp\npppppppppppppppppppppppp\npppppppppppppppppppppppppppppppppppppppppppppppppppppppppppppp\npppppppppppppppppegogkpppp\npppppppppppppppppppppppppppppppppppppe"",""stretch"":true,""fillArea"":false,""textSize"":1,""textBackground"":""none"",""placeholderInvisible"":false,""useFigureAdditionalScale"":false,""figureAdditionalScale"":1,""imgFit"":""cover"",""imgStretch"":false,""hideFigureCaption"":false,""hideFigureSubCaption"":true,""hideFigureFootnote"":true,""presentationObjectInReportInfo"":{""id"":""3e3230cb-ad9e-48b9-b3ce-7bd01255d20b"",""moduleId"":""m004"",""isDefault"":true,""replicateBy"":""indicator_common_id"",""selectedReplicantValue"":""penta3""},""span"":7}]],""useHeader"":true,""headerText"":""Estimation de la couverture de la vaccination Penta3""}}",2025-10-09T17:58:55.750Z
80746671-4d95-4917-89b6-febcb208c00d,0a3ae3bf-5d8f-4afa-a5d8-da41c8539b83,27,"{""type"":""freeform"",""cover"":{""titleText"":"""",""subTitleText"":"""",""presenterText"":"""",""dateText"":"""",""logos"":[]},""section"":{""sectionText"":"""",""smallerSectionText"":""""},""freeform"":{""content"":[[{""type"":""text"",""stretch"":true,""fillArea"":false,""textSize"":1.25,""textBackground"":""none"",""placeholderInvisible"":false,""useFigureAdditionalScale"":false,""figureAdditionalScale"":1,""imgFit"":""cover"",""imgStretch"":false,""hideFigureCaption"":false,""hideFigureSubCaption"":false,""hideFigureFootnote"":false,""markdown"":""INTERPRÉTATION:\nLe graphique présente une estimation de la couverture de la CPN4 (quatrième consultation prénatale) à partir des données administratives du DHIS2 et de celles de l’EDS. \nSelon l’EDS de 2018, la couverture de la CPN4 était de 35 %. Les projections basées sur ces deux sources (DHIS2 et EDS) montrent une tendance relativement stable, avec une couverture estimée à environ 59 % entre 2021 et 2024. Ces estimations sont globalement superposables à celles issues du DHIS2. De manière générale, on observe une bonne cohérence entre les données administratives et les projections fondées sur les enquêtes""},{""type"":""figure"",""stretch"":true,""fillArea"":false,""textSize"":1,""textBackground"":""none"",""placeholderInvisible"":false,""useFigureAdditionalScale"":true,""figureAdditionalScale"":0.5,""presentationObjectInReportInfo"":{""id"":""3e3230cb-ad9e-48b9-b3ce-7bd01255d20b"",""moduleId"":""m004"",""replicateBy"":""indicator_common_id"",""selectedReplicantValue"":""anc4"",""isDefault"":true},""span"":7,""hideFigureSubCaption"":true,""hideFigureFootnote"":true}]],""useHeader"":true,""headerText"":""Estimation de la couverture de la CPN4""}}",2025-10-09T17:57:32.998Z
dcd5825a-0c2d-4a58-91c9-f67eff5cd4f0,0a3ae3bf-5d8f-4afa-a5d8-da41c8539b83,29,"{""type"":""freeform"",""cover"":{""titleText"":"""",""subTitleText"":"""",""presenterText"":"""",""dateText"":"""",""logos"":[]},""section"":{""sectionText"":"""",""smallerSectionText"":""""},""freeform"":{""content"":[[{""type"":""text"",""stretch"":true,""fillArea"":false,""textSize"":1.25,""textBackground"":""none"",""placeholderInvisible"":false,""useFigureAdditionalScale"":false,""figureAdditionalScale"":1,""imgFit"":""cover"",""imgStretch"":false,""hideFigureCaption"":false,""hideFigureSubCaption"":false,""hideFigureFootnote"":false,""markdown"":""INTERPRÉTATION:\n\nLa couverture du BCG montre des variations selon les sources. Les données du DHIS2 indiquent une baisse de la couverture, passant de 79 % en 2021 à 59% en 2022, avant de connaître une augmentation pour atteindre 78%  en 2024.\nQuant aux données de l’EDS 2018, elles présentent une couverture du BCG à 73%, ce qui est très proche des données de projection, qui l’estiment à 74%.\nLes données du DHIS2 sont plus optimistes que celles issues de la projection, ce qui pourrait refléter des différences méthodologiques ou des délais de mise à jour des données.""},{""type"":""figure"",""span"":7,""presentationObjectInReportInfo"":{""id"":""3e3230cb-ad9e-48b9-b3ce-7bd01255d20b"",""moduleId"":""m004"",""isDefault"":true,""replicateBy"":""indicator_common_id"",""selectedReplicantValue"":""bcg""},""stretch"":true,""fillArea"":false,""textSize"":1,""textBackground"":""none"",""placeholderInvisible"":false,""useFigureAdditionalScale"":false,""figureAdditionalScale"":1,""imgFit"":""cover"",""imgStretch"":false,""hideFigureCaption"":false,""hideFigureSubCaption"":true,""hideFigureFootnote"":true}]],""useHeader"":true,""headerText"":""Estimation de la couverture de la vaccination BCG""}}",2025-10-09T17:58:31.217Z
813d8e01-cf35-4729-ba01-6eee4b2673a9,0a3ae3bf-5d8f-4afa-a5d8-da41c8539b83,30,"{""type"":""freeform"",""cover"":{""titleText"":"""",""subTitleText"":"""",""presenterText"":"""",""dateText"":"""",""logos"":[]},""section"":{""sectionText"":"""",""smallerSectionText"":""""},""freeform"":{""content"":[[{""type"":""text"",""stretch"":true,""fillArea"":false,""textSize"":1.25,""textBackground"":""none"",""placeholderInvisible"":false,""useFigureAdditionalScale"":false,""figureAdditionalScale"":1,""imgFit"":""cover"",""imgStretch"":false,""hideFigureCaption"":false,""hideFigureSubCaption"":false,""hideFigureFootnote"":false,""markdown"":""INTERPRÉTATION:\nSelon les données de l'EDS 2018, la couverture vaccinale du Penta1 s'établit à 62%. Les données issues du DHIS2 révèlent une tendance à la baisse, avec un point minimum de 63%, suivi d'une légère reprise atteignant 65% en 2024. Les projections, quant à elles, estiment une couverture à 60%.\nCe qui souligne un écart persistant entre les sources de données et la nécessité d’un alignement stratégique pour atteindre les objectifs nationaux de vaccination.\n""},{""type"":""figure"",""stretch"":true,""fillArea"":false,""textSize"":1,""textBackground"":""none"",""placeholderInvisible"":false,""useFigureAdditionalScale"":true,""figureAdditionalScale"":0.5,""presentationObjectInReportInfo"":{""id"":""3e3230cb-ad9e-48b9-b3ce-7bd01255d20b"",""moduleId"":""m004"",""replicateBy"":""indicator_common_id"",""selectedReplicantValue"":""penta1"",""isDefault"":true},""span"":8,""hideFigureFootnote"":true,""hideFigureSubCaption"":true}]],""useHeader"":true,""headerText"":""Estimation de la couverture de la vaccination Penta1""}}",2025-10-09T17:58:45.154Z
9d16f386-6d11-4ad2-854e-bbb8fbd878b5,0a3ae3bf-5d8f-4afa-a5d8-da41c8539b83,13,"{""type"":""freeform"",""cover"":{""titleText"":"""",""subTitleText"":"""",""presenterText"":"""",""dateText"":"""",""logos"":[]},""section"":{""sectionText"":"""",""smallerSectionText"":""""},""freeform"":{""content"":[[{""type"":""text"",""stretch"":true,""fillArea"":true,""textSize"":1.25,""textBackground"":""grey"",""placeholderInvisible"":false,""useFigureAdditionalScale"":false,""figureAdditionalScale"":1,""span"":4,""markdown"":""INTERPRÉTATION\n\nLes services de consultations prénatales (CPN1 et CPN4) et d'accouchement connaissent depuis 2022 (période post-COVID) une tendence à la hausse relativement stable, marquée par moments par des baisses. On observe, au cours du premier trimestre de 2025, une diminution de la CPN1 et des accouchements assistés, respectivement de 4% et 3,4%, tandis que la CPN4 est restée stable par rapport au quatrième trimestre de 2024.""},{""type"":""figure"",""stretch"":true,""fillArea"":false,""textSize"":1,""textBackground"":""none"",""placeholderInvisible"":false,""useFigureAdditionalScale"":true,""figureAdditionalScale"":0.6,""presentationObjectInReportInfo"":{""id"":""c381bb3a-ea4c-4580-b06a-54d06cb07381"",""moduleId"":""m003"",""selectedReplicantValue"":"""",""isDefault"":false}}]],""useHeader"":true,""headerText"":""Tendances du volume trimestriel des services, à l'échelle nationale""}}",2025-10-10T19:57:56.692Z
c2613f1e-cc64-4a02-ace2-4fa426e976d2,0a3ae3bf-5d8f-4afa-a5d8-da41c8539b83,14,"{""type"":""freeform"",""cover"":{""titleText"":"""",""subTitleText"":"""",""presenterText"":"""",""dateText"":"""",""logos"":[]},""section"":{""sectionText"":"""",""smallerSectionText"":""""},""freeform"":{""content"":[[{""type"":""text"",""stretch"":true,""fillArea"":true,""textSize"":1.25,""textBackground"":""grey"",""placeholderInvisible"":false,""useFigureAdditionalScale"":false,""figureAdditionalScale"":1,""span"":4,""markdown"":""INTERPRÉTATION\n\nLes services de consultations prénatales (CPN1 et CPN4) depuis 2022 (période post-COVID) et d'accouchement depuis 2019 connaissent une tendence à la hausse relativement stable, marquée par moments par des baisses. On observe, au cours du premier trimestre de 2025, une diminution de la CPN1 et des accouchements assistés, respectivement de 4% et 3,4%, tandis que la CPN4 est restée stable par rapport au quatrième trimestre de 2024.""},{""type"":""figure"",""stretch"":true,""fillArea"":false,""textSize"":1,""textBackground"":""none"",""placeholderInvisible"":false,""useFigureAdditionalScale"":true,""figureAdditionalScale"":1,""presentationObjectInReportInfo"":{""id"":""ca244370-4fdd-4a91-acd6-b39ee7e5467e"",""moduleId"":""m003"",""selectedReplicantValue"":"""",""isDefault"":false}}]],""useHeader"":true,""headerText"":""Perturbations et excédents dans l'utilisation des services de santé""}}",2025-10-10T19:58:19.101Z
487a0dba-59fc-4b24-a7e6-329212313947,0a3ae3bf-5d8f-4afa-a5d8-da41c8539b83,19,"{""type"":""freeform"",""cover"":{""titleText"":"""",""subTitleText"":"""",""presenterText"":"""",""dateText"":"""",""logos"":[]},""section"":{""sectionText"":"""",""smallerSectionText"":""""},""freeform"":{""content"":[[{""type"":""text"",""stretch"":true,""fillArea"":false,""textSize"":1.25,""textBackground"":""none"",""placeholderInvisible"":false,""useFigureAdditionalScale"":false,""figureAdditionalScale"":1,""imgFit"":""cover"",""imgStretch"":false,""hideFigureCaption"":false,""hideFigureSubCaption"":false,""hideFigureFootnote"":false,""markdown"":""INTERPRÉTATION: \n\nAprès une perturbation significative des services de vaccination observée au premier trimestre 2024, des actions correctives ont permis de compenser entièrement les déficits dans presque toutes les régions. \nEn conséquence, le volume global des services de vaccination a enregistré une amélioration stable, conforme aux prévisions""},{""type"":""figure"",""stretch"":true,""fillArea"":false,""textSize"":1,""textBackground"":""none"",""placeholderInvisible"":false,""useFigureAdditionalScale"":false,""figureAdditionalScale"":1,""imgFit"":""cover"",""imgStretch"":false,""hideFigureCaption"":false,""hideFigureSubCaption"":false,""hideFigureFootnote"":true,""presentationObjectInReportInfo"":{""id"":""98f45fd0-2764-433d-af5b-a34684c0efd2"",""moduleId"":""m003"",""isDefault"":false,""selectedReplicantValue"":""""},""span"":8}]],""useHeader"":true,""headerText"":""Perturbations et excédents dans l'utilisation des services de santé""}}",2025-10-10T20:05:01.347Z
3647d6ba-28ae-42a4-9357-272a56a21b03,0a3ae3bf-5d8f-4afa-a5d8-da41c8539b83,22,"{""type"":""freeform"",""cover"":{""titleText"":"""",""subTitleText"":"""",""presenterText"":"""",""dateText"":"""",""logos"":[]},""section"":{""sectionText"":"""",""smallerSectionText"":""""},""freeform"":{""content"":[[{""type"":""text"",""stretch"":true,""fillArea"":true,""textSize"":1.25,""textBackground"":""grey"",""placeholderInvisible"":false,""useFigureAdditionalScale"":false,""figureAdditionalScale"":1,""span"":4,""markdown"":""INTERPRÉTATION:\nCe graphique montre que, malgré les baisses constatées au cours des deux derniers trimestres, le nombre de consultations primaires curatives reste cohérent avec les prévisions établies à partir des tendances historiques""},{""type"":""figure"",""stretch"":true,""fillArea"":false,""textSize"":1,""textBackground"":""none"",""placeholderInvisible"":false,""useFigureAdditionalScale"":true,""figureAdditionalScale"":1,""presentationObjectInReportInfo"":{""id"":""22524ec4-58a3-4571-bb34-baaf01ac1d7f"",""moduleId"":""m003"",""selectedReplicantValue"":"""",""isDefault"":false},""hideFigureFootnote"":true}]],""useHeader"":true,""headerText"":""Perturbations et excédents dans l'utilisation des services de santé""}}",2025-10-10T20:05:36.415Z
21ca5f43-a08d-457e-8627-8b195c930224,5ee72d90-f1e0-45e8-b46b-3c1e3b3fc541,10,"{""type"":""freeform"",""cover"":{""titleText"":"""",""titleTextRelFontSize"":10,""subTitleText"":"""",""subTitleTextRelFontSize"":6,""presenterText"":"""",""presenterTextRelFontSize"":4,""dateText"":"""",""dateTextRelFontSize"":3,""logos"":[]},""section"":{""sectionText"":"""",""sectionTextRelFontSize"":8,""smallerSectionText"":"""",""smallerSectionTextRelFontSize"":5},""freeform"":{""content"":[[{""type"":""figure"",""stretch"":true,""fillArea"":false,""textSize"":1,""textBackground"":""none"",""placeholderInvisible"":false,""placeholderStretch"":true,""placeholderHeight"":50,""useFigureAdditionalScale"":false,""figureAdditionalScale"":1,""imgHeight"":300,""imgFit"":""inside"",""imgStretch"":true,""hideFigureCaption"":false,""hideFigureSubCaption"":false,""hideFigureFootnote"":false,""presentationObjectInReportInfo"":{""id"":""22524ec4-58a3-4571-bb34-baaf01ac1d7f"",""moduleId"":""m003"",""isDefault"":false,""selectedReplicantValue"":""""}}]]}}",2025-10-14T08:14:14.373Z
